{"L2I9861C":[36.12035042399882,128.65704359370932],"8P37634C":[37.40434486279393,126.91125404018987],"9901388T":[36.220532719017505,128.35792983174977],"GX22581L":[35.2265388276111,128.1938148631385],"MNZ4401T":[37.54456484927289,126.83518278165609],"42K7317Y":[36.62551557874863,126.71308024448517],"5KV96424":[36.62024453751757,127.23800479230206],"HS39431V":[37.50240642235985,127.05603330931146],"WCD5518S":[37.53502431549109,127.07796071594302],"REG96285":[35.11275749025211,129.02805178702064],"FIE6569O":[37.594639639286136,126.97754501573858],"7469929V":[36.11428888545897,128.33786172213652],"GDG1847Z":[37.70933087816083,128.83250277203751],"LG63087O":[37.531470055895504,126.97976420758675],"LYY5513O":[35.83999730910053,128.5518072813304],"C7E79345":[37.207808141377974,126.96789138203826],"EFU76868":[35.15519506611787,127.45989252087239],"X1K3667J":[37.505490194582094,126.65920616119176],"HE08888N":[35.84350016098468,128.5875724704566],"3CC88975":[37.501578811566624,126.76067539178878],"X7I4680R":[35.50639701975058,129.3502725475359],"QHL3248U":[37.295989976567114,126.87629649720465],"IUX1829H":[37.606862029018416,127.04439920517135],"SKP6181Y":[37.56287858650577,126.74066506696012],"NXB3178C":[37.441920183936695,126.87793201569946],"ANS8383S":[35.15768882334828,128.98686456450028],"LH97552Q":[35.1544723309081,128.90258294172062],"MIS62075":[37.570547503473854,126.94399542741799],"86R9476S":[34.99976682847017,127.38001804907218],"3BC6890E":[35.21167032460801,129.1380994691626],"MLH1404S":[37.518833225490724,126.92131734464155],"8Q88373R":[37.503116411114085,126.93374666665257],"GF286398":[37.70834792533541,127.1782126989752],"1Y73132H":[35.874818150097326,128.549551758256],"ZYP7962W":[35.82659280818732,129.23593016703026],"JNL7001A":[37.43003467879057,127.59409048876168],"DOZ1588B":[33.324868351502936,126.58205422691327],"9D939735":[38.059433202219566,127.02797180537642],"XSP20229":[37.6714102545117,127.07148320940217],"88O1334C":[37.683052416357306,126.8665098361511],"5K93695T":[35.937217504234575,128.5707873085507],"ATB59635":[37.315289766697084,127.00655145268502],"B7D7534L":[37.605180159931265,127.00348657976288],"5765663F":[37.2762760860438,127.0155739343359],"7BM2933Y":[37.587765641059384,126.93289360234517],"8O34202I":[37.6800918182342,126.72706412119976],"NB64509Z":[37.56660168238261,127.19696029058943],"OFE45081":[37.60274709356502,127.23832658704002],"EPI69383":[37.89373035963767,127.35108873354604],"3UI95829":[37.62995553830592,126.9322457790476],"4L695580":[34.810178425109314,126.40735703732355],"JZY9937U":[35.79532946526721,127.15189425832779],"L5P27909":[37.36040874000932,127.11325361559292],"FIC9046Z":[35.95911522450703,126.71881766562946],"57B28032":[37.648686858128514,127.03825417043734],"E1J8836Y":[36.165132851649695,129.23437833176777],"9LD2641Q":[35.216924459837216,128.8024211831495],"M2Q9024I":[36.48788765520387,127.28423541809907],"N378078V":[35.31149365296323,128.64893706664427],"D6U6678O":[37.616888084118436,126.73730400399127],"YM42715P":[37.28287054064945,127.0561884511502],"7ZS19508":[35.53256354939446,129.28776535563085],"1WE5693J":[37.4353554706074,127.1040876193652],"6WK3815W":[35.525043051023125,129.4256972699297],"P0F1530P":[35.36129438047521,129.11865473148524],"NUB4941Z":[33.47754544058874,126.68923355726886],"7YL9580G":[37.33590018284535,126.8582092111723],"6VC83722":[37.00126495936709,127.1114242371775],"JEZ3130Q":[36.60265550268001,128.6714152248584],"HRG9655C":[35.18217445411375,129.08280234682653],"SLW27496":[37.49525114268531,126.96702225008492],"04T3751T":[37.49207250743045,127.13708935935287],"RUZ25800":[37.48405335339587,126.72265390013008],"FJK3396E":[37.41697737984089,126.7129276659259],"J1G57517":[37.59434497376687,126.64889044342385],"GRP3908I":[34.6873921171666,127.06442526042657],"D9I3309M":[33.39823974574061,126.36620537790354],"GOC54665":[37.410038528481245,126.81353839818998],"4U29186R":[36.78855081452643,127.26254305494543],"TZ228122":[37.40975821476251,126.95367173470275],"O6D8329R":[35.300480867196505,128.8668737409576],"IWR8966I":[35.14719427069868,126.73796472984645],"W4X85128":[35.18128737998254,128.05799264255825],"N4R2421C":[36.441876607577086,127.77097266946224],"M4O5221T":[37.474560771768,126.9588436189427],"7R156073":[36.352009728377745,127.37857465130463],"VA04150X":[35.43930449202344,128.5414521713241],"HXT76735":[37.694103335083554,126.60264032724366],"VZA76236":[37.51174443834865,126.7187250293027],"X3170462":[35.57109735346337,129.3078174028408],"IL74008M":[37.555776518887434,127.00276116223608],"NX534083":[35.24269177244032,129.02728383200633],"Y0X4618N":[37.47984194251791,127.08639047780375],"FU87526G":[35.12539665635841,129.09429938481978],"1JI2689F":[36.28063090643089,127.41108522784022],"4019850M":[37.86671997080198,126.81688211460161],"6RD62559":[37.307074561756416,127.85005769626731],"HVV5250J":[36.41251964846846,127.44004792450126],"AEJ19639":[37.52073900245159,127.11479645200225],"6AU2417B":[37.59553820051813,126.91631362383622],"H7X3372O":[35.76019951254882,126.77886561350223],"8BF5855P":[34.55869665293827,126.51190390022796],"EMH4976E":[37.73387806997584,127.02990118131012],"E2B3753X":[37.24261111551319,126.59661762361152],"6U243644":[36.528917339231185,129.03926198263952],"S824682L":[37.607257103411065,127.09447269738628],"43Q3892U":[35.52157423785292,127.33947350173993],"4X525582":[37.50315308527513,127.0955850450217],"CAA7713A":[35.25885925818428,129.0915166291167],"HSS7466Y":[37.26887270212111,126.96579529668693],"GJ56729D":[36.772231480713415,126.92752386177959],"6I88973D":[37.335226547488034,127.06274843188704],"QQ429063":[37.51677330152958,127.03549099547409],"L7J93733":[35.545956289505,129.18772867857103],"FOK3459D":[34.87336072774485,126.52342710634493],"TKJ4800F":[37.58493280472198,127.090879798153],"XR24352K":[37.51991007838044,126.79300028655508],"MR210505":[34.86654938476179,128.62536971109384],"P7U7800Z":[35.20600640855171,129.07971762407124],"JP222486":[35.105406807817786,127.87464910926086],"7XY7109I":[36.78006047666289,126.39157554435427],"ZDR63255":[37.45455970863832,127.28472946981502],"JSA8739I":[37.25384902875721,127.11653001065888],"SQ36001H":[37.30966989699028,128.01982866847956],"CNW5754J":[37.20967975221176,127.481076028246],"6EN68926":[36.06058517894871,128.07783670046817],"PAO22428":[37.418864585194996,126.66879485151192],"3249208I":[37.16328074008869,126.82209223869465],"RG972910":[36.72031749491663,127.49151873933182],"OWD1018N":[37.46479933041237,127.03966877699025],"RMC1840P":[35.55927196274153,127.93038454937466],"M7O7878U":[34.9997206733327,126.89754641358705],"TST4507I":[37.58811809322073,127.04975972882713],"EB16073M":[35.118609831327845,126.94710060266594],"YOG1280B":[37.38917889918948,127.10215892633637],"W8L9421K":[37.35881712147324,127.31524948391744],"XEF29171":[35.89396930018571,127.43703013231153],"CK143054":[35.12295370632687,126.8454897753838],"8FB1535Y":[36.90297215531187,126.65388454480164],"8348421R":[37.029334073952135,128.2568432035198],"URX8075K":[37.24505571482534,127.03099366071969],"OIA3741M":[37.677872064394755,127.0300684546408],"XBT9550Q":[37.633775972779944,127.07855905862216],"8UC4779G":[35.898362625297345,128.60145029128344],"GX38539O":[37.5333110546378,126.71138303934845],"MU69217P":[37.53825322294755,128.2738722057937],"JZV5283U":[35.85058276166001,128.50235950717405],"MRK4871S":[36.99436131334484,126.95524371746687],"GP07421U":[37.496442578045425,126.88426439190712],"MSY7784L":[37.44596197470758,126.6575666036278],"9VR65006":[35.41553510072621,129.01477553622775],"W0154979":[36.3938791320028,126.95178456947419],"ZRF3039U":[35.80964108898623,128.53685059234968],"MQK9493H":[37.03510727547602,127.30269953957438],"3TP65086":[35.61002637183327,129.38012394874488],"JC14718Q":[35.53095875382805,126.77066374763665],"8X15119P":[35.2324037099073,128.5363168868403],"M0A1658U":[37.598985035633184,127.13130507463292],"O7R5461J":[37.72837149109044,126.72743961714788],"AEO5706C":[36.591889928125035,127.58469482837464],