{"L2I9861C":[35.87683603317371,128.64004296771367],"8P37634C":[37.394258803186,126.956860524882],"9901388T":[36.1195708487139,128.344246361062],"GX22581L":[35.1802228341536,128.107706335688],"MNZ4401T":[37.5509646154242,126.849533759514],"42K7317Y":[36.6013575607948,126.66083238915],"5KV96424":[36.4800649113757,127.289195324698],"HS39431V":[37.517331925853,127.047377408384],"WCD5518S":[37.5362839252073,127.087754781481],"REG96285":[35.0979235209909,129.024298440459],"FIE6569O":[37.5747729531135,126.97961447609],"7469929V":[36.1195708487139,128.344246361062],"GDG1847Z":[37.7521116823526,128.875906235799],"LG63087O":[37.5324274347656,126.990577820242],"LYY5513O":[35.8299152394915,128.532836540567],"C7E79345":[37.1995372034717,126.831477350333],"EFU76868":[34.9506097806659,127.487382934915],"X1K3667J":[37.5454335160343,126.676028468221],"HE08888N":[35.8693892533553,128.606220516052],"3CC88975":[37.5035117792841,126.766038450927],"X7I4680R":[35.5438097037233,129.330091790831],"QHL3248U":[37.3219085506384,126.830834434401],"IUX1829H":[37.5893588153917,127.016702905651],"SKP6181Y":[37.5374956682829,126.73770466472],"NXB3178C":[37.4785674780311,126.864647815161],"ANS8383S":[35.152597977756,128.991119769511],"LH97552Q":[35.2121944923177,128.980561688902],"MIS62075":[37.5791618639788,126.9368156604],"86R9476S":[34.9506097806659,127.487382934915],"3BC6890E":[35.1630666685464,129.163596084009],"MLH1404S":[37.5263635705034,126.896273923703],"8Q88373R":[37.5042365347877,126.940271737306],"GF286398":[37.6360236390492,127.216475764948],"1Y73132H":[35.8716675785129,128.559154246786],"ZYP7962W":[35.8562184605104,129.224781713089],"JNL7001A":[37.2984233734533,127.637058787484],"DOZ1588B":[33.2540646255023,126.559563466911],"9D939735":[37.903598648985,127.060440729219],"XSP20229":[37.6543617567056,127.056430475216],"88O1334C":[37.6584289395157,126.831977751081],"5K93695T":[35.8856831131871,128.582781134786],"ATB59635":[37.2635846787741,127.028715898311],"B7D7534L":[37.5893588153917,127.016702905651],"5765663F":[37.2635846787741,127.028715898311],"7BM2933Y":[37.5791618639788,126.9368156604],"8O34202I":[37.6584289395157,126.831977751081],"NB64509Z":[37.5392745653537,127.214860598563],"OFE45081":[37.6360236390492,127.216475764948],"EPI69383":[37.8949928340087,127.200332890652],"3UI95829":[37.6028174370821,126.928940981464],"4L695580":[34.8118309400519,126.392235351241],"JZY9937U":[35.8240731508767,127.148143800621],"L5P27909":[37.4199323570328,127.12629039752],"FIC9046Z":[35.9674665619211,126.736840487468],"57B28032":[37.6686914100283,127.04721049936],"E1J8836Y":[36.0189954294848,129.343164578824],"9LD2641Q":[35.228565355864,128.88936269803],"M2Q9024I":[36.4800649113757,127.289195324698],"N378078V":[35.2279398139955,128.681834075637],"D6U6678O":[37.6152686898331,126.715657922927],"YM42715P":[37.2635846787741,127.028715898311],"7ZS19508":[35.5438097037233,129.330091790831],"1WE5693J":[37.4199323570328,127.12629039752],"6WK3815W":[35.5046358750559,129.416487775873],"P0F1530P":[35.3349920568283,129.037272788805],"NUB4941Z":[33.4995342411967,126.531171087132],"7YL9580G":[37.3219085506384,126.830834434401],"6VC83722":[36.9922606745326,127.112688386546],"JEZ3130Q":[36.568460763249,128.729587379397],"HRG9655C":[35.1762076666857,129.079741441241],"SLW27496":[37.5042365347877,126.940271737306],"04T3751T":[37.5145837194398,127.10591770866],"RUZ25800":[37.5070416636401,126.721864167603],"FJK3396E":[37.4473487903569,126.73148773974],"J1G57517":[37.5454335160343,126.676028468221],"GRP3908I":[34.6110820210892,127.284968746855],"D9I3309M":[33.4995342411967,126.531171087132],"GOC54665":[37.3801150715958,126.802977796436],"4U29186R":[36.8150678816279,127.113911972591],"TZ228122":[37.394258803186,126.956860524882],"O6D8329R":[35.228565355864,128.88936269803],"IWR8966I":[35.1395471867532,126.793633444381],"W4X85128":[35.1802228341536,128.107706335688],"N4R2421C":[36.4894353521296,127.729498803338],"M4O5221T":[37.4782566343102,126.951521225531],"7R156073":[36.3554987200538,127.383789715873],"VA04150X":[35.5038172707286,128.74660754822],"HXT76735":[37.6152686898331,126.715657922927],"VZA76236":[37.5070416636401,126.721864167603],"X3170462":[35.5693352250424,129.332494084522],"IL74008M":[37.5638077703599,126.997555182292],"NX534083":[35.1972959412871,128.990036594501],"Y0X4618N":[37.517331925853,127.047377408384],"FU87526G":[35.136522660289,129.084238267311],"1JI2689F":[36.3257812272135,127.421339922096],"4019850M":[37.7600449967302,126.779881359268],"6RD62559":[37.3420475880601,127.92009712318],"HVV5250J":[36.3467051322808,127.415561890628],"AEJ19639":[37.5145837194398,127.10591770866],"6AU2417B":[37.6028174370821,126.928940981464],"H7X3372O":[35.9674665619211,126.736840487468],"8BF5855P":[34.5735165884839,126.599270065365],"EMH4976E":[37.7380566430616,127.033899090337],"E2B3753X":[37.3219085506384,126.830834434401],"6U243644":[36.3527164442431,128.697077816075],"S824682L":[37.6065432383918,127.092820287004],"43Q3892U":[35.4163627529975,127.390396427422],"4X525582":[37.5145837194398,127.10591770866],"CAA7713A":[35.2427772019609,129.092095292484],"HSS7466Y":[37.2635846787741,127.028715898311],"GJ56729D":[36.789974167605,127.002509638233],"6I88973D":[37.2410299792267,127.177482330871],"QQ429063":[37.517331925853,127.047377408384],"L7J93733":[35.6018157675331,129.15026714578],"FOK3459D":[34.8000591144732,126.696762590551],"TKJ4800F":[37.6065432383918,127.092820287004],"XR24352K":[37.5035117792841,126.766038450927],"MR210505":[34.8805390453822,128.621129462965],"P7U7800Z":[35.2050915314732,129.083719021169],"JP222486":[35.0036771766929,128.064212593324],"7XY7109I":[36.7848762954282,126.450333937447],"ZDR63255":[37.4293941934863,127.255138719721],"JSA8739I":[37.2410299792267,127.177482330871],"SQ36001H":[37.3420475880601,127.92009712318],"CNW5754J":[37.2722675901773,127.435089282738],"6EN68926":[36.1398881671645,128.11362447591],"PAO22428":[37.4101013788809,126.678274850516],"3249208I":[37.1995372034717,126.831477350333],"RG972910":[36.6424871337285,127.489020156402],"OWD1018N":[37.4835888103327,127.032734543897],"RMC1840P":[35.4155303921176,127.873349988179],"M7O7878U":[35.0158976865693,126.71082925505],"TST4507I":[37.574522981712,127.039657001091],"EB16073M":[35.1461666691498,126.923095112877],"YOG1280B":[37.4199323570328,127.12629039752],"W8L9421K":[37.4293941934863,127.255138719721],"XEF29171":[35.9048145963415,127.162119017463],"CK143054":[35.1520722691295,126.890187526298],"8FB1535Y":[36.8896748628643,126.645888436838],"8348421R":[37.1326577745505,128.19098500203],"URX8075K":[37.2635846787741,127.028715898311],"OIA3741M":[37.6686914100283,127.04721049936],"XBT9550Q":[37.6543617567056,127.056430475216],"8UC4779G":[35.8856831131871,128.582781134786],"GX38539O":[37.5374956682829,126.73770466472],"MU69217P":[37.697167316273,127.888684130433],"JZV5283U":[35.8299152394915,128.532836540567],"MRK4871S":[36.9922606745326,127.112688386546],"GP07421U":[37.4954330863646,126.88750531451],"MSY7784L":[37.4738609917961,126.643281922795],"9VR65006":[35.3349920568283,129.037272788805],"W0154979":[36.4465551158221,127.11905504092],"ZRF3039U":[35.8299152394915,128.532836540567],"MQK9493H":[37.0080705033715,127.27979032841],"3TP65086":[35.58274699573,129.361146675228],"JC14718Q":[35.5698491739941,126.855996873997],"8X15119P":[35.2279398139955,128.681834075637],"M0A1658U":[37.5943523748219,127.12964184094],"O7R5461J":[37.7600449967302,126.779881359268],"AEO5706C":[36.6424871337285,127.489020156402],"I7R13867":[35.3212107735494,126.988210711052],"7YC6702R":[37.5035117792841,126.766038450927],"4A067125":[37.5392745653537,127.214860598563],"95J3282H":[36.6424871337285,127.489020156402],"W3U3344O":[37.6584289395157,126.831977751081],"OSV9142K":[35.9732205043331,128.938550862057],"W8W95421":[37.2410299792267,127.177482330871],"8L52480G":[36.0189954294848,129.343164578824],"WXJ8352N":[35.1044479031517,128.974932970701],"N2P9317N":[35.8240731508767,127.148143800621],"WTR5885Y":[37.3447600461019,126.968273810339],